id,date,displayDate,title,url,featured,visible,status
news-001,2022-11-30,30 Nov 2022,250 Pledged to Lead Business Events Legacy Impact and Sustainability,https://bizandleisure.com/2022/11/250-pledged-to-lead-business-events-legacy-impact-and-sustainability/?fbclid=IwAR10o70M9UzA9d2I2geQ0z25eZeAZC1ZnRMIxpIrTI-Utls7B0OpEbGH-BA,false,true,published
news-002,2022-11-01,01 Nov 2022,Sarawak publishes world's first business events academic journal,https://www.theborneopost.com/2022/11/01/sarawak-publishes-worlds-first-business-events-academic-journal/,false,true,published
news-003,2022-10-27,27 Oct 2022,"Du lịch có trách nhiệm, xu hướng nhiều quốc gia trên thế giới đang theo đuổi",https://luatvadoisong.vn/du-lich-co-trach-nhiem-xu-huong-nhieu-quoc-gia-tren-the-gioi-dang-theo-duoi/?fbclid=IwAR3N9Kf3jyu62lE5Om1P0I5MuFT8cjsvwwV0VskP8MKkCjpuaHvD4Sub-H4,false,true,published
news-004,2022-10-27,27 Oct 2022,Smart Tourism in Greater Bay Area Attracts 100+ Participants,https://www.speed-polyu.edu.hk/news/conference-on-smart-tourism-in-the-greater-bay-area-attracts-over-100-participants,false,true,published
news-005,2022-10-27,27 Oct 2022,Sarawak at East Asia Inter-Regional Tourism Forum in Vietnam,https://dayakdaily.com/sarawak-delegation-attends-east-asia-inter-regional-tourism-forum-general-assembly-meeting-in-vietnam/,false,true,published
news-006,2022-10-25,25 Oct 2022,Phát triển bền vững du lịch trong giai đoạn bình thường mới,https://baoquangninh.com.vn/phat-trien-ben-vung-du-lich-trong-giai-doan-binh-thuong-moi-3210121.html,false,true,published
news-007,2022-08-18,18 Aug 2022,砂青年人才竞赛 参赛作品428份,https://weareunited.com.my/11856892/,false,true,published
news-008,2022-07-28,28 Jul 2022,关注旅游新常态：“负责任“ 的砂拉越,https://you.ctrip.com/travels/sarawak537/4070800.html,false,true,published
news-009,2022-07-22,22 Jul 2022,Does Sustainable Consumption Behaviors Matter?,https://malaysiandailynews.com/does-sustainable-consumption-behaviors-matter/,false,true,published
news-010,2022-05-17,17 May 2022,“ 一片疏林一道山，南芳惊鸿照影来 ”,https://you.ctrip.com/travels/sarawak537/4062953.html,false,true,published
news-011,2022-05-09,09 May 2022,中国人在东南亚建立的南芳共和国现在怎么样了,http://news.cntgol.com/dyzd/2022/0509/256148.shtml,false,true,published
news-012,2022-04-11,11 Apr 2022,善德庙承载华工事迹 San Teck Temple carriers the history of Hwa Gong,https://drive.google.com/file/d/13AHh4xk9_h8NXBy93gTpK-EIQYGk1ZbO/view?usp=sharing,false,true,published
news-013,2022-03-26,26 Mar 2022,Pariwisata yang Bertanggung Jawab: Retorika Pembangunan Berkelanjutan,https://pratamamedia.com/pariwisata-yang-bertanggung-jawab-retorika-pembangunan-berkelanjutan/,false,true,published
news-014,2022-03-17,17 Mar 2022,Professor for a Day – Dr. Hiram Ting at Curtin,https://business.curtin.edu.my/research-and-development/professor-for-a-day-with-associate-professor-dr-hiram-ting/,false,true,published
news-015,2022-03-17,17 Mar 2022,"Curtin, BESarawak sign MoA on journal of business events",https://static.wixstatic.com/media/5a1c4e_2fed3ce8487447ca88e197cf4f7ce656~mv2.jpeg,false,true,published
news-016,2022-03-16,16 Mar 2022,MOU Signing Ceremony — IJBEL Journal,https://static.wixstatic.com/media/5a1c4e_3fde7cfebf32456b85d9c439444a778c~mv2.jpeg,false,true,published
news-017,2022-02-16,16 Feb 2022,Abang Abdul Karim appointed BESarawak chairman,https://dayakdaily.com/abdul-karim-new-business-events-sarawak-chairman/,false,true,published
news-018,2021-10-12,12 Oct 2021,Pengusaha Inap Desa Sarawak Lega,https://www.utusan.com.my/terkini/2021/10/pengusaha-inap-desa-sarawak-lega/,false,true,published
news-019,2021-09-27,27 Sep 2021,World Tourism Day 2021: Sarawak Commitment,https://mtcp.sarawak.gov.my/pages.php?mod=photo_gallery&sub=photo_listing&menu_id=&sub_id=&alb=236,false,true,published
news-020,2021-06-15,15 Jun 2021,Publication Seminar at UTAR Malaysia,https://news.utar.edu.my/news/2021/June/29/01/01.html,false,true,published
news-021,2021-05-27,27–28 May 2021,ICRTH2021 Closing and Declaration,https://dayakdaily.com/swak-committed-to-revitalise-tourism-industry-via-responsible-tourism-and-sustainable-devt-says-abdul-karim/,false,true,published
news-022,2020-08-28,28 Aug 2020,Launching of Journal of Responsible Tourism Management,https://www.ttrweekly.com/site/2020/08/sarawak-publishes-a-green-tourism-journal/,false,true,published
news-023,2020-08-28,28 Aug 2020,Sarawak lancar jurnal pelancongan bertanggungjawab,https://www.utusanborneo.com.my/2020/08/10/sarawak-lancar-jurnal-antarabangsa-mengenai-pelancongan-bertanggungjawab,false,true,published
news-024,2020-02-16,16 Feb 2020,Sarawak Youth Talent (SYT) 2020,https://dayakdaily.com/abdul-karim-sarawak-govt-supportive-of-youth-events-with-impact/,false,true,published
news-025,2020-01-10,10 Jan 2020,Appointment as Emerald Ambassador in East Asia,https://www.emeraldgrouppublishing.com/who-we-are/brand-ambassadors,false,true,published
news-026,2019-08-21,21–24 Aug 2019,SASEM2019 in Malacca Malaysia,https://news.utar.edu.my/news/2019/Sept/20/02/02.html,false,true,published
news-027,2019-04-12,12–14 Apr 2019,"Smart Tourism, Smart Destination Seminar",https://www.utusanborneo.com.my/2019/04/02/forum-pelancongan-pintar-destinasi-pintar-pada-12-april-ini,false,true,published
news-028,2018-09-15,15 Sep 2018,Launching of RCE in Kuching,https://www.rcenetwork.org/portal/rce-profile-detail/rce-kuching,false,true,published
news-029,2017-08-12,12 Aug 2017,Public Lecture on Creation of Entrepreneurial Mindset,https://www.theborneopost.com/2017/07/07/creation-of-new-entrepreneurial-mindset-public-lecture-on-aug-12/,false,true,published
news-030,2016-09-14,14 Sep 2016,Kaji Selidik Majukan Pelancongan Sarawak,https://amp.utusanborneo.com.my/2016/09/14/kaji-selidik-majukan-lagi-pelancongan-sarawak,false,true,published
